{
    "action": {
        "min": [
            -56.483516693115234,
            103.82417297363281,
            -36.17582321166992,
            -91.51648712158203,
            83.9120864868164,
            0.0
        ],
        "max": [
            6.989010810852051,
            104.61538696289062,
            -11.648351669311523,
            -82.989013671875,
            92.43955993652344,
            83.58445739746094
        ],
        "mean": [
            -37.79693603515625,
            104.43408966064453,
            -29.431291580200195,
            -86.2579345703125,
            89.24034118652344,
            27.326189041137695
        ],
        "std": [
            19.165176391601562,
            0.0,
            5.775413990020752,
            3.765462875366211,
            2.0679378509521484,
            36.88638687133789
        ],
        "count": [
            941
        ],
        "q01": [
            -55.691251831054686,
            103.82417297363281,
            -36.088006807963055,
            -91.42938639029478,
            84.08869116783143,
            0.5529963821626845
        ],
        "q10": [
            -51.814351348876954,
            104.08789606730143,
            -33.97722431529652,
            -91.34058900468804,
            86.72471651349748,
            0.5664797540505727
        ],
        "q50": [
            -49.79798264936967,
            104.52746522813928,
            -32.306779352823895,
            -83.51681751675076,
            89.45028715867262,
            0.7186715674621087
        ],
        "q90": [
            -3.0282241821289064,
            104.61533637078817,
            -24.483823013305663,
            -83.07676142997482,
            91.47207393646241,
            83.57566982247975
        ],
        "q99": [
            6.1113516743977865,
            104.61538190368037,
            -11.649599308323216,
            -82.98958801269531,
            92.26329339981079,
            83.58357863996282
        ]
    },
    "observation.state": {
        "min": [
            -56.0,
            104.92308044433594,
            -90.72527313232422,
            -90.85713958740234,
            11.736263275146484,
            6.8408918380737305
        ],
        "max": [
            6.681318759918213,
            107.38461303710938,
            -11.95604419708252,
            94.02198028564453,
            92.0,
            83.47425079345703
        ],
        "mean": [
            -37.73075866699219,
            105.51927947998047,
            -29.479549407958984,
            -82.98021697998047,
            88.44210052490234,
            31.30384635925293
        ],
        "std": [
            19.08725929260254,
            0.0,
            7.147972106933594,
            19.222089767456055,
            6.864907264709473,
            33.97608947753906
        ],
        "count": [
            941
        ],
        "q01": [
            -55.38058372497559,
            105.36223582234416,
            -43.52029460906982,
            -90.58200434112548,
            59.21081806182861,
            6.8408918380737305
        ],
        "q10": [
            -51.60391707787147,
            105.362525000939,
            -33.14065676829854,
            -90.50936018332457,
            86.63062337239583,
            6.8408918380737305
        ],
        "q50": [
            -49.412377637975354,
            105.53814706407601,
            -30.775898492158348,
            -82.97133665818434,
            89.62519454956055,
            6.8408918380737305
        ],
        "q90": [
            -3.2542964935302736,
            105.62633409090569,
            -24.882863998413086,
            -82.84020965174625,
            91.30674415963595,
            83.3896837754683
        ],
        "q99": [
            5.797890129089356,
            105.71447692871094,
            -12.038098746079665,
            46.38195907592774,
            91.98992989095052,
            83.39705557042902
        ]
    },
    "timestamp": {
        "min": [
            0.0
        ],
        "max": [
            31.333333333333332
        ],
        "mean": [
            15.66666666666667
        ],
        "std": [
            9.054771608875003
        ],
        "count": [
            941
        ],
        "q01": [
            0.297102666568563
        ],
        "q10": [
            3.1339599999200036
        ],
        "q50": [
            15.669800000000016
        ],
        "q90": [
            28.199373333413323
        ],
        "q99": [
            31.036230666764766
        ]
    },
    "frame_index": {
        "min": [
            0
        ],
        "max": [
            940
        ],
        "mean": [
            470.0
        ],
        "std": [
            271.6431482662502
        ],
        "count": [
            941
        ],
        "q01": [
            8.913079999901898
        ],
        "q10": [
            94.01879999992002
        ],
        "q50": [
            469.90600000000006
        ],
        "q90": [
            845.98120000008
        ],
        "q99": [
            931.0869200000982
        ]
    },
    "episode_index": {
        "min": [
            0
        ],
        "max": [
            0
        ],
        "mean": [
            0.0
        ],
        "std": [
            0.0
        ],
        "count": [
            941
        ],
        "q01": [
            3.9999999999994176e-16
        ],
        "q10": [
            3.999999999999417e-15
        ],
        "q50": [
            1.9999999999997088e-14
        ],
        "q90": [
            3.599999999999476e-14
        ],
        "q99": [
            3.9599999999994235e-14
        ]
    },
    "index": {
        "min": [
            0
        ],
        "max": [
            940
        ],
        "mean": [
            470.0
        ],
        "std": [
            271.6431482662502
        ],
        "count": [
            941
        ],
        "q01": [
            8.913079999901898
        ],
        "q10": [
            94.01879999992002
        ],
        "q50": [
            469.90600000000006
        ],
        "q90": [
            845.98120000008
        ],
        "q99": [
            931.0869200000982
        ]
    },
    "task_index": {
        "min": [
            0
        ],
        "max": [
            0
        ],
        "mean": [
            0.0
        ],
        "std": [
            0.0
        ],
        "count": [
            941
        ],
        "q01": [
            3.9999999999994176e-16
        ],
        "q10": [
            3.999999999999417e-15
        ],
        "q50": [
            1.9999999999997088e-14
        ],
        "q90": [
            3.599999999999476e-14
        ],
        "q99": [
            3.9599999999994235e-14
        ]
    }
}