{
    "action": {
        "min": [
            -38.46154022216797,
            37.010990142822266,
            -84.0,
            -12.571428298950195,
            8.659340858459473,
            18.71530532836914
        ],
        "max": [
            1.802197813987732,
            94.5934066772461,
            -15.692307472229004,
            4.5714287757873535,
            51.56044006347656,
            59.47660446166992
        ],
        "mean": [
            -19.834606170654297,
            67.65316009521484,
            -37.468204498291016,
            -1.9844449758529663,
            32.93230056762695,
            34.24631881713867
        ],
        "std": [
            14.510615348815918,
            23.515411376953125,
            12.58230209350586,
            5.664016246795654,
            16.658123016357422,
            18.6028995513916
        ],
        "count": [
            829
        ],
        "q01": [
            -38.46154022216797,
            37.79744915008545,
            -84.0,
            -12.571428298950195,
            8.748832426071168,
            18.71530532836914
        ],
        "q10": [
            -38.3763488148534,
            38.498354131834844,
            -48.208134460449216,
            -8.090145623242414,
            9.005016934871673,
            18.87612299601237
        ],
        "q50": [
            -19.213459968566895,
            75.60848236083984,
            -38.80988641738892,
            1.4932033890172054,
            35.47896385192871,
            19.6681837979485
        ],
        "q90": [
            -2.589939799453273,
            94.58870516246175,
            -22.28644680223967,
            4.221666562007024,
            51.471986041598846,
            58.679164367425635
        ],
        "q99": [
            1.3661838722229005,
            94.59293652576766,
            -15.775267391204833,
            4.396552222442627,
            51.55940930960835,
            59.47046081196178
        ]
    },
    "observation.state": {
        "min": [
            -38.153846740722656,
            42.5054931640625,
            -80.79120635986328,
            -37.93406677246094,
            -8.923076629638672,
            0.0
        ],
        "max": [
            1.582417607307434,
            106.06593322753906,
            -15.560439109802246,
            4.439560413360596,
            51.38461685180664,
            59.10837936401367
        ],
        "mean": [
            -19.56917953491211,
            71.0464859008789,
            -36.927886962890625,
            -2.092247247695923,
            32.43825149536133,
            33.6616325378418
        ],
        "std": [
            14.312578201293945,
            22.3998966217041,
            12.246441841125488,
            6.366658687591553,
            16.770761489868164,
            18.460466384887695
        ],
        "count": [
            829
        ],
        "q01": [
            -38.06382584163121,
            42.5054931640625,
            -80.09597854614258,
            -12.176919040679932,
            8.91725467136928,
            19.517606814293888
        ],
        "q10": [
            -37.88491417415558,
            42.58975780275133,
            -48.79029846191406,
            -8.314711409601673,
            9.181636428833007,
            19.522534303292215
        ],
        "q50": [
            -18.989046096801758,
            77.32332056218928,
            -38.76037335395813,
            1.7987408108181424,
            35.20165100097656,
            19.598121762275696
        ],
        "q90": [
            -2.462460539770908,
            96.57614155644956,
            -21.283545970916748,
            4.350052877572867,
            51.29538341869007,
            58.72426619227929
        ],
        "q99": [
            1.3190071868896487,
            97.27778162002564,
            -15.569452563126882,
            4.438408411291779,
            51.29992862701416,
            59.03667540305001
        ]
    },
    "timestamp": {
        "min": [
            0.0
        ],
        "max": [
            27.6
        ],
        "mean": [
            13.799999999999997
        ],
        "std": [
            7.9770504156193835
        ],
        "count": [
            829
        ],
        "q01": [
            0.2665607999019316
        ],
        "q10": [
            2.737367999919836
        ],
        "q50": [
            13.80276000000002
        ],
        "q90": [
            24.862632000080165
        ],
        "q99": [
            27.33343920009807
        ]
    },
    "frame_index": {
        "min": [
            0
        ],
        "max": [
            828
        ],
        "mean": [
            414.0
        ],
        "std": [
            239.3115124685814
        ],
        "count": [
            829
        ],
        "q01": [
            7.996823999901933
        ],
        "q10": [
            82.12103999991984
        ],
        "q50": [
            413.91720000000004
        ],
        "q90": [
            745.8789600000803
        ],
        "q99": [
            820.003176000098
        ]
    },
    "episode_index": {
        "min": [
            0
        ],
        "max": [
            0
        ],
        "mean": [
            0.0
        ],
        "std": [
            0.0
        ],
        "count": [
            829
        ],
        "q01": [
            3.999999999999418e-16
        ],
        "q10": [
            3.999999999999417e-15
        ],
        "q50": [
            1.9999999999997088e-14
        ],
        "q90": [
            3.599999999999476e-14
        ],
        "q99": [
            3.9599999999994235e-14
        ]
    },
    "index": {
        "min": [
            0
        ],
        "max": [
            828
        ],
        "mean": [
            414.0
        ],
        "std": [
            239.3115124685814
        ],
        "count": [
            829
        ],
        "q01": [
            7.996823999901933
        ],
        "q10": [
            82.12103999991984
        ],
        "q50": [
            413.91720000000004
        ],
        "q90": [
            745.8789600000803
        ],
        "q99": [
            820.003176000098
        ]
    },
    "task_index": {
        "min": [
            0
        ],
        "max": [
            0
        ],
        "mean": [
            0.0
        ],
        "std": [
            0.0
        ],
        "count": [
            829
        ],
        "q01": [
            3.999999999999418e-16
        ],
        "q10": [
            3.999999999999417e-15
        ],
        "q50": [
            1.9999999999997088e-14
        ],
        "q90": [
            3.599999999999476e-14
        ],
        "q99": [
            3.9599999999994235e-14
        ]
    }
}