{
    "action": {
        "min": [
            -54.5494499206543,
            19.516483306884766,
            -87.16483306884766,
            14.593406677246094,
            3.472527503967285,
            6.106265068054199
        ],
        "max": [
            15.428571701049805,
            30.329669952392578,
            -35.912086486816406,
            18.989011764526367,
            55.78022003173828,
            59.95241928100586
        ],
        "mean": [
            -38.12795639038086,
            24.556514739990234,
            -65.249267578125,
            16.788997650146484,
            39.63797378540039,
            24.939767837524414
        ],
        "std": [
            17.48697853088379,
            4.183854579925537,
            20.67812728881836,
            1.8099641799926758,
            15.223000526428223,
            24.237010955810547
        ],
        "count": [
            664
        ],
        "q01": [
            -53.756739959716796,
            19.516483306884766,
            -87.08201202392578,
            14.593406677246094,
            3.736297810872396,
            6.106265068054199
        ],
        "q10": [
            -49.63006900988127,
            19.9558762550354,
            -86.28738555908203,
            14.769565316742542,
            15.081697463989258,
            6.502367510114397
        ],
        "q50": [
            -44.71036797982675,
            23.120518684387207,
            -70.98741455078125,
            15.472967147827148,
            37.409759521484375,
            6.978776032069944
        ],
        "q90": [
            -4.1708740234374995,
            29.09791748046875,
            -36.7905574798584,
            18.98848577619673,
            55.692207798204926,
            59.943588322768974
        ],
        "q99": [
            14.369939727783203,
            30.153112869262696,
            -35.91732191819411,
            18.988959165693405,
            55.778235639299666,
            59.95153618518217
        ]
    },
    "observation.state": {
        "min": [
            -53.53845977783203,
            -59.82417678833008,
            -84.57142639160156,
            9.09890079498291,
            -17.010988235473633,
            2.6133742332458496
        ],
        "max": [
            15.032966613769531,
            32.30769348144531,
            3.604395627975464,
            19.03296661376953,
            55.516483306884766,
            59.56956100463867
        ],
        "mean": [
            -37.837562561035156,
            25.52569580078125,
            -62.47097396850586,
            17.480201721191406,
            38.78614044189453,
            26.06476402282715
        ],
        "std": [
            17.347232818603516,
            10.334709167480469,
            20.604415893554688,
            1.4280964136123657,
            15.83645248413086,
            22.14518165588379
        ],
        "count": [
            664
        ],
        "q01": [
            -53.26664390563965,
            -39.1564208984375,
            -84.57142639160156,
            16.042900440112966,
            3.9090297698974608,
            10.143032298177083
        ],
        "q10": [
            -49.58120250701904,
            21.215413789491397,
            -83.3503612451386,
            16.219811717087662,
            14.635359573364259,
            10.144847517903646
        ],
        "q50": [
            -45.101563408261256,
            24.74673843383789,
            -68.12663269042969,
            16.834558486938477,
            35.310333251953125,
            10.152915161132812
        ],
        "q90": [
            -4.485202789306641,
            32.22908966389108,
            -35.610653190612794,
            19.03115884441219,
            55.5100217115159,
            59.56221788276746
        ],
        "q99": [
            13.885904541015625,
            32.23377509908473,
            -16.26408416748047,
            19.032785836833796,
            55.51583714734788,
            59.56882669245155
        ]
    },
    "timestamp": {
        "min": [
            0.0
        ],
        "max": [
            22.1
        ],
        "mean": [
            11.049999999999999
        ],
        "std": [
            6.3893357331659395
        ],
        "count": [
            664
        ],
        "q01": [
            0.20172879990182557
        ],
        "q10": [
            2.198507999919896
        ],
        "q50": [
            11.03673999999988
        ],
        "q90": [
            19.901492000080104
        ],
        "q99": [
            21.898271200098176
        ]
    },
    "frame_index": {
        "min": [
            0
        ],
        "max": [
            663
        ],
        "mean": [
            331.5
        ],
        "std": [
            191.68007199497814
        ],
        "count": [
            664
        ],
        "q01": [
            6.051863999901826
        ],
        "q10": [
            65.9552399999199
        ],
        "q50": [
            331.1021999999999
        ],
        "q90": [
            597.0447600000801
        ],
        "q99": [
            656.9481360000982
        ]
    },
    "episode_index": {
        "min": [
            0
        ],
        "max": [
            0
        ],
        "mean": [
            0.0
        ],
        "std": [
            0.0
        ],
        "count": [
            664
        ],
        "q01": [
            3.9999999999994176e-16
        ],
        "q10": [
            3.999999999999417e-15
        ],
        "q50": [
            1.9999999999997088e-14
        ],
        "q90": [
            3.599999999999476e-14
        ],
        "q99": [
            3.9599999999994235e-14
        ]
    },
    "index": {
        "min": [
            0
        ],
        "max": [
            663
        ],
        "mean": [
            331.5
        ],
        "std": [
            191.68007199497814
        ],
        "count": [
            664
        ],
        "q01": [
            6.051863999901826
        ],
        "q10": [
            65.9552399999199
        ],
        "q50": [
            331.1021999999999
        ],
        "q90": [
            597.0447600000801
        ],
        "q99": [
            656.9481360000982
        ]
    },
    "task_index": {
        "min": [
            0
        ],
        "max": [
            0
        ],
        "mean": [
            0.0
        ],
        "std": [
            0.0
        ],
        "count": [
            664
        ],
        "q01": [
            3.9999999999994176e-16
        ],
        "q10": [
            3.999999999999417e-15
        ],
        "q50": [
            1.9999999999997088e-14
        ],
        "q90": [
            3.599999999999476e-14
        ],
        "q99": [
            3.9599999999994235e-14
        ]
    }
}