{
    "action": {
        "min": [
            5.5824174880981445,
            -103.82417297363281,
            -28.175825119018555,
            -7.208791255950928,
            -9.89011001586914,
            8.881839752197266
        ],
        "max": [
            6.461538314819336,
            -54.769229888916016,
            26.681318283081055,
            6.241758346557617,
            -8.659340858459473,
            55.59080123901367
        ],
        "mean": [
            6.059680938720703,
            -93.21177673339844,
            12.376350402832031,
            -2.942885637283325,
            -9.370687484741211,
            20.770662307739258
        ],
        "std": [
            0.34377220273017883,
            15.322381973266602,
            16.30295753479004,
            4.0382795333862305,
            0.3804735541343689,
            17.8590087890625
        ],
        "count": [
            888
        ],
        "q01": [
            5.5824174880981445,
            -103.82417297363281,
            -27.463999252319336,
            -7.208791255950928,
            -9.8022260193086,
            8.881839752197266
        ],
        "q10": [
            5.5824174880981445,
            -103.82417297363281,
            -17.535733032226563,
            -7.208791255950928,
            -9.802087539350483,
            9.03956241607666
        ],
        "q50": [
            6.1978600025177,
            -103.47777029184195,
            21.669569778442384,
            -4.7469263810377855,
            -9.450591833695121,
            9.674283107121786
        ],
        "q90": [
            6.461436193129596,
            -65.49656677246094,
            24.220926007357512,
            5.098731613159179,
            -8.747447563765885,
            54.96286267367276
        ],
        "q99": [
            6.4615281026503615,
            -55.386144104003904,
            25.97227175394694,
            6.239105313618978,
            -8.65946938234217,
            55.58861811587685
        ]
    },
    "observation.state": {
        "min": [
            5.714285850524902,
            -103.78022003173828,
            -28.131868362426758,
            -7.692307472229004,
            -9.802197456359863,
            10.991544723510742
        ],
        "max": [
            6.153846263885498,
            -57.71428680419922,
            26.373626708984375,
            6.1978020668029785,
            -9.01098918914795,
            55.418907165527344
        ],
        "mean": [
            5.842130184173584,
            -94.10774230957031,
            12.325965881347656,
            -3.0487139225006104,
            -9.386526107788086,
            21.777111053466797
        ],
        "std": [
            0.05592899024486542,
            14.261987686157227,
            16.2708797454834,
            4.215095520019531,
            0.27687570452690125,
            17.120529174804688
        ],
        "count": [
            888
        ],
        "q01": [
            5.714285850524902,
            -103.78022003173828,
            -27.867843055725096,
            -7.692307472229004,
            -9.802197456359863,
            10.991544723510742
        ],
        "q10": [
            5.8022102611638795,
            -103.78022003173828,
            -17.411182022094728,
            -7.516364152908325,
            -9.802197456359863,
            10.991544723510742
        ],
        "q50": [
            5.802271248543099,
            -103.42746382493239,
            21.365599563156348,
            -4.7040815353393555,
            -9.27471197805097,
            10.991544723510742
        ],
        "q90": [
            5.890188030805744,
            -69.04732733832465,
            24.26351746695382,
            5.230733953203474,
            -9.098838416547007,
            55.33966514391777
        ],
        "q99": [
            5.978099915431096,
            -58.07249526977539,
            25.84078010559082,
            6.10994629946622,
            -9.011014749006792,
            55.41741796529518
        ]
    },
    "timestamp": {
        "min": [
            0.0
        ],
        "max": [
            29.566666666666666
        ],
        "mean": [
            14.783333333333331
        ],
        "std": [
            8.544778565927896
        ],
        "count": [
            888
        ],
        "q01": [
            0.2713037332351685
        ],
        "q10": [
            2.9377439999198716
        ],
        "q50": [
            14.771506666666584
        ],
        "q90": [
            26.628922666746792
        ],
        "q99": [
            29.295362933431495
        ]
    },
    "frame_index": {
        "min": [
            0
        ],
        "max": [
            887
        ],
        "mean": [
            443.5
        ],
        "std": [
            256.34335697783683
        ],
        "count": [
            888
        ],
        "q01": [
            8.139111999901836
        ],
        "q10": [
            88.13231999991989
        ],
        "q50": [
            443.1452
        ],
        "q90": [
            798.8676800000802
        ],
        "q99": [
            878.8608880000983
        ]
    },
    "episode_index": {
        "min": [
            0
        ],
        "max": [
            0
        ],
        "mean": [
            0.0
        ],
        "std": [
            0.0
        ],
        "count": [
            888
        ],
        "q01": [
            3.9999999999994176e-16
        ],
        "q10": [
            3.999999999999418e-15
        ],
        "q50": [
            1.9999999999997088e-14
        ],
        "q90": [
            3.599999999999476e-14
        ],
        "q99": [
            3.9599999999994235e-14
        ]
    },
    "index": {
        "min": [
            0
        ],
        "max": [
            887
        ],
        "mean": [
            443.5
        ],
        "std": [
            256.34335697783683
        ],
        "count": [
            888
        ],
        "q01": [
            8.139111999901836
        ],
        "q10": [
            88.13231999991989
        ],
        "q50": [
            443.1452
        ],
        "q90": [
            798.8676800000802
        ],
        "q99": [
            878.8608880000983
        ]
    },
    "task_index": {
        "min": [
            0
        ],
        "max": [
            0
        ],
        "mean": [
            0.0
        ],
        "std": [
            0.0
        ],
        "count": [
            888
        ],
        "q01": [
            3.9999999999994176e-16
        ],
        "q10": [
            3.999999999999418e-15
        ],
        "q50": [
            1.9999999999997088e-14
        ],
        "q90": [
            3.599999999999476e-14
        ],
        "q99": [
            3.9599999999994235e-14
        ]
    }
}